id,k,h_0,A_s,z_inv
0,0,0,0.64,10.7
1,0,0,0.64,10.69
2,0,0,0.64,10.41
3,0,0,0.64,10.4
4,1,0,0.25,10.4
5,1,0,0.25,10.387
6,1,0,0.25,10.013
7,1,0,0.25,10.0
8,2,0,0.25,10.0
9,2,0,0.25,9.983
10,2,0,0.25,9.517
11,2,0,0.25,9.5
12,3,0,0.25,10.4
13,3,0,0.25,10.394
14,3,0,0.25,10.106
15,3,0,0.25,10.1
16,4,0,0.25,10.1
17,4,0,0.25,10.08
18,4,0,0.25,9.32
19,4,0,0.25,9.3
20,5,0,0.25,10.1
21,5,0,0.25,10.09675
22,5,0,0.25,10.00325
23,5,0,0.25,10.0
