,A,Bu,Bd,C,D,E,F
0,10.70001,10.40001,10.40001,10.000010000000001,9.500010000000001,10.100010000000001,9.30001
7200,10.70001,10.40001,10.40001,10.000010000000001,11.500010000000001,10.100010000000001,11.30001
18720,10.70001,10.40001,10.40001,10.000010000000001,9.500010000000001,10.100010000000001,9.30001
21570,10.70001,10.40001,10.40001,10.000010000000001,9.500010000000001,10.100010000000001,9.30001
