,name,id,sj_0,sj_1,orientation,C,A,y_max,z_o
0,Or_R1,0,19,6,bottom,0.65,0.09290304,0.3048,0.0
1,Or_R2,1,20,7,bottom,0.65,0.09290304,0.3048,0.0
2,Or_R4,2,22,9,bottom,0.65,0.09290304,0.3048,0.0
3,Or_R5,3,23,10,bottom,0.65,0.09290304,0.3048,0.0
4,Or_R3,4,21,8,bottom,0.65,0.09290304,0.3048,0.0
